PrdRef;RecID;CrtDate
blaszkaM;85335;2024-12-18 13:57:13
6_S235_810.17_P5B_GS_49;85336;2024-12-18 14:15:46
6_S235_810.17_P5A_S_49;85337;2024-12-18 14:15:47
12_S235_SL40033132_p1_1st_G_3310_;85338;2024-12-20 08:41:54
8_S235_SL40033947_p1_2st__3310_;85339;2024-12-20 08:41:56
5_S235_SL40034102_p2_1st_GS_3310_1;85340;2024-12-20 08:41:56
12_S235_SL40034102_p3_1st_S_3310_1;85341;2024-12-20 08:41:56
12_S235_SL40034102_p5_1st_GS_3310_1;85342;2024-12-20 08:41:57
12_S235_SL40034102_p7_1st_GS_3310_1;85343;2024-12-20 08:41:57
5_S235_SL40034102_p9_1st_GS_3310_1;85344;2024-12-20 08:41:58
12_S235_SL40034102_p10_1st_S_3310_1;85345;2024-12-20 08:41:58
12_S235_SL40034102_p11_1st_S_3310_1;85346;2024-12-20 08:41:58
5_S235_SL40034102_p1_1st_GS_3310_1;85347;2024-12-20 08:41:59
12_S235_SL40034102_p3_1st_S_3310_2;85348;2024-12-20 08:41:59
12_S235_SL40034102_p4_1st_GS_3310_1;85349;2024-12-20 08:42:00
12_S235_SL40034102_p6_1st_GS_3310_1;85350;2024-12-20 08:42:00
5_S235_SL40034102_p8_1st_GS_3310_1;85351;2024-12-20 08:42:00
12_S235_SL40034102_p10_1st_S_3310_2;85352;2024-12-20 08:42:01
12_S235_SL40034102_p11_1st_S_3310_2;85353;2024-12-20 08:42:01
3_S235_SL40034104_p2_1st_GS_3310_;85354;2024-12-20 08:42:02
3_S235_SL40034104_p1_1st_GS_3310_;85355;2024-12-20 08:42:02
3_S235_SL40036103_p2_1st_GS_3310_1;85356;2024-12-20 08:42:02
3_S235_SL40036103_p3_1st_S_3310_1;85357;2024-12-20 08:42:03
3_S235_SL40036103_p1_1st_GS_3310_1;85358;2024-12-20 08:42:03
3_S235_SL40036103_p3_1st_S_3310_2;85359;2024-12-20 08:42:04
5_S235_SL40534900_p1_1st_GS_3310_;85360;2024-12-20 08:42:04
8_S235_SL40534900_p2_2st_S_3310_;85361;2024-12-20 08:42:04
3_S235_SL40534902_p1_1st_GS_3310_;85362;2024-12-20 08:42:05
3_S235_SL40534903_p1_1st__3310_;85363;2024-12-20 08:42:05
4_S235_SL40034914_p1_4st__3310_;85364;2024-12-20 08:42:05
5_S235_SL40034912_p2_1st_GS_3310_;85365;2024-12-20 08:42:06
5_S235_SL40034912_p1_1st_GS_3310_;85366;2024-12-20 08:42:06
2_OC_SL40034913_p1_2st__3310_;85367;2024-12-20 08:42:07
20_S235_SL40032905_p1_2st__3310_;85368;2024-12-20 08:42:07
4_S235_SL40044106_p1_1st_GS_3310_;85369;2024-12-20 08:42:07
4_S235_SL40044106_p3_1st_S_3310_;85370;2024-12-20 08:42:08
15_S235_SL40044907_p1_1st_S_3310_;85371;2024-12-20 08:42:08
15_S235_SL40044908_p1_1st_S_3310_;85372;2024-12-20 08:42:08
15_S235_SL40044909_p1_1st_S_3310_;85373;2024-12-20 08:42:09
4_S235_SL40044106_p2_1st_GS_3310_;85374;2024-12-20 08:42:09
4_S235_SL40044106_p3_1st_S_3310_1;85375;2024-12-20 08:42:10
15_S235_SL40044907_p1_1st_S_3310_1;85376;2024-12-20 08:42:10
15_S235_SL40044908_p1_1st_S_3310_1;85377;2024-12-20 08:42:10
15_S235_SL40044909_p1_1st_S_3310_1;85378;2024-12-20 08:42:11
5_S235_SL40545206_p1_1st_GS_3310_;85379;2024-12-20 08:42:11
2_DC01_SL40545206_p2_1st_GS_3310_;85380;2024-12-20 08:42:11
20_S235_SL40545206_p3_2st_SO_3310_;85381;2024-12-20 08:42:12
5_S235_SL40545206_p4_2st_S_3310_;85382;2024-12-20 08:42:12
3_S235_SL40545206_p6_1st_GS_3310_;85383;2024-12-20 08:42:13
3_S235_SL40545206_p7_1st_GS_3310_;85384;2024-12-20 08:42:13
3_OC_SL40545204_p1_2st_G_3310_;85385;2024-12-20 08:42:13
3_S235_SL40546307_p1_1st_G_3310_;85386;2024-12-20 08:42:14
3_S235_SL40546308_p1_1st_G_3310_;85387;2024-12-20 08:42:14
3_S235_SL40046332_p2_1st_GS_3310_;85388;2024-12-20 08:42:15
3_S235_SL40046330_p1_1st_GS_3310_;85389;2024-12-20 08:42:15
2_OC_SL40546803_p1_1st__3310_;85390;2024-12-20 08:42:16
3_S235_SL40051153_p2_1st_G_3310_d;85391;2024-12-20 08:42:16
3_S235_SL40051153_p1_1st_G_3310_d;85392;2024-12-20 08:42:16
5_S235_SL40551208_p1_4st_GS_3310_;85393;2024-12-20 08:42:17
5_S235_SL40551208_p2_4st_S_3310_;85394;2024-12-20 08:42:17
8_S235_SL40551208_p3_4st_S_3310_;85395;2024-12-20 08:42:18
4_S235_SL40051401_p1_2st_G_3310_;85396;2024-12-20 08:42:18
3_S235_SL40551605_p1_1st_G_3310_;85397;2024-12-20 08:42:18
4_S235_SL40551701_p1_1st_G_3310_;85398;2024-12-20 08:42:19
4_S235_SL40551701_p2_1st_G_3310_;85399;2024-12-20 08:42:19
2_OC_SL40551305_p1_1st_G_3310_;85400;2024-12-20 08:42:20
1,5_DC01_SL40551305_p2_1st__3310_;85401;2024-12-20 08:42:20
2_OC_SL40551306_p1_1st_G_3310_;85402;2024-12-20 08:42:21
1,5_DC01_SL40551306_p2_1st__3310_;85403;2024-12-20 08:42:21
3_S235_SL40052115_p1_2st__3310_;85404;2024-12-20 08:42:21
8_S235_SL40552200_p1_4st_GO_3310_;85405;2024-12-20 08:42:22
8_S235_SL40059000_p1_4st_O_3310_;85406;2024-12-20 08:42:22
2_OC_SL40052300_p1_2st__3310_;85407;2024-12-20 08:42:22
4_S235_SL40051402_p1_2st_G_3310_;85408;2024-12-20 08:42:23
4_S235_SL40561905_p1_30st_G_3310_;85409;2024-12-20 08:42:23
5_S235_SL40561226_p1_60st__3310_;85410;2024-12-20 08:42:24
5_S235_SL40062200_p1_18st_G_3310_;85411;2024-12-20 08:42:24
5_S235_SL40562004_p2_18st_S_3310_;85412;2024-12-20 08:42:24
10_S235_SL40062201_p1_2st_G_3310_;85413;2024-12-20 08:42:25
8_S235_SL40062105_p1_1st_GS_3310_;85414;2024-12-20 08:42:25
8_S235_SL40062105_p2_1st_GS_3310_;85415;2024-12-20 08:42:26
15_S235_SL40071601_p1_8st_S_3310_;85416;2024-12-20 08:42:26
4_S235_SL40071601_p2_14st_GS_3310_;85417;2024-12-20 08:42:26
15_S235_SL40071401_p1_24st__3310_;85418;2024-12-20 08:42:27
4_S235_SL40071401_p2_30st__3310_;85419;2024-12-20 08:42:27
15_S235_SL40071102_p1_4st_S_3310_;85420;2024-12-20 08:42:28
4_S235_SL40071102_p2_2st_GS_3310_;85421;2024-12-20 08:42:28
15_S235_SL40071102_p1_4st_S_3310_1;85422;2024-12-20 08:42:28
4_S235_SL40071102_p2_2st_GS_3310_1;85423;2024-12-20 08:42:29
15_S235_SL40071601_p1_8st_S_3310_1;85424;2024-12-20 08:42:29
4_S235_SL40071601_p2_14st_GS_3310_1;85425;2024-12-20 08:42:29
8_S235_SL40072001_p1_2st_G_3310_;85426;2024-12-20 08:42:30
8_S235_SL40072003_p1_6st_S_3310_;85427;2024-12-20 08:42:30
8_S235_SL40072003_p2_12st_SO_3310_;85428;2024-12-20 08:42:31
2_OC_SL40585208_p1_2st__3310_;85429;2024-12-20 08:42:31
1_OC_SL40585202_p1_1st__3310_;85430;2024-12-20 08:42:31
4_S235_500173_p1_8st_G_3310_;85431;2024-12-20 08:42:32
5_S235_SL10371469_p2_12st__3310_;85432;2024-12-20 08:42:32
5_S235_10001208_p1_2st_GS_2207_;85433;2024-12-20 08:44:31
5_S235_10001208_p2_2st_GS_2207_;85434;2024-12-20 08:44:32
12_S235_10001208_p3_1st_S_2207_;85435;2024-12-20 08:44:32
5_S235_10001208_p4_2st_S_2207_;85436;2024-12-20 08:44:32
8_S235_10001208_p5_4st_S_2207_;85437;2024-12-20 08:44:33
4_S235_10001208_p7_4st__2207_;85438;2024-12-20 08:44:33
8_S235_10001208_p9_4st_S_2207_;85439;2024-12-20 08:44:33
10_S235_10001208_p10_8st_S_2207_;85440;2024-12-20 08:44:34
20_S235_10001208_p11_4st_S_2207_;85441;2024-12-20 08:44:34
8_S235_10001208_p12_8st_SO_2207_;85442;2024-12-20 08:44:35
8_S235_10001208_p13_8st_S_2207_;85443;2024-12-20 08:44:35
8_S235_10001208_p14_8st_S_2207_;85444;2024-12-20 08:44:35
8_S235_10001208_p15_8st_S_2207_;85445;2024-12-20 08:44:36
6_S235_10001208_p16_4st_S_2207_;85446;2024-12-20 08:44:36
10_S235_10001208_p17_16st_S_2207_;85447;2024-12-20 08:44:36
15_S235_10001208_p19_4st_S_2207_;85448;2024-12-20 08:44:37
4_S235_10001208_p20_2st_GS_2207_;85449;2024-12-20 08:44:37
4_S235_10001208_p21_2st_GS_2207_;85450;2024-12-20 08:44:38
4_S235_10001208_p22_2st_GS_2207_;85451;2024-12-20 08:44:38
4_S235_10001208_p23_2st_S_2207_;85452;2024-12-20 08:44:38
8_S235_10001301_p10_2st_S_2207_1;85453;2024-12-20 08:44:39
8_S235_10001301_p25_8st__2207_;85454;2024-12-20 08:44:39
6_S235_10001301_p29_4st__2207_1;85455;2024-12-20 08:44:39
4_S235_10001301_p32_2st_GS_2207_;85456;2024-12-20 08:44:40
5_S235_10010985_p1_2st__2207_;85457;2024-12-20 08:44:40
5_S235_10005291_p1_2st_GS_2207_;85458;2024-12-20 08:44:41
5_S235_10005291_p2_2st_GS_2207_;85459;2024-12-20 08:44:41
12_S235_10005291_p3_1st_S_2207_;85460;2024-12-20 08:44:41
8_S235_10005291_p4_4st_SO_2207_;85461;2024-12-20 08:44:42
8_S235_10005291_p5_4st_S_2207_;85462;2024-12-20 08:44:42
8_S235_10005291_p6_4st_S_2207_;85463;2024-12-20 08:44:43
8_S235_10005291_p7_2st_S_2207_;85464;2024-12-20 08:44:43
8_S235_10005291_p9_4st_S_2207_;85465;2024-12-20 08:44:43
8_S235_10005291_p10_2st_S_2207_;85466;2024-12-20 08:44:44
20_S235_10005291_p11_4st_S_2207_;85467;2024-12-20 08:44:44
4_S235_10005291_p12_2st_S_2207_;85468;2024-12-20 08:44:44
10_S235_10005291_p13_4st_S_2207_;85469;2024-12-20 08:44:45
6_S235_10005291_p14_4st_S_2207_;85470;2024-12-20 08:44:45
10_S235_10005291_p15_16st_S_2207_;85471;2024-12-20 08:44:45
15_S235_10005291_p17_4st_S_2207_;85472;2024-12-20 08:44:46
4_S235_10005291_p18_2st_GS_2207_;85473;2024-12-20 08:44:46
4_S235_10005291_p19_2st_GS_2207_;85474;2024-12-20 08:44:47
4_S235_10005291_p20_4st_GS_2207_;85475;2024-12-20 08:44:47
8_S235_10005291_p21_4st__2207_;85476;2024-12-20 08:44:47
8_S235_10001301_p10_2st_S_2207_2;85477;2024-12-20 08:44:48
6_S235_10001301_p29_4st__2207_2;85478;2024-12-20 08:44:48
5_S235_10005344_p1_4st_GS_2207_;85479;2024-12-20 08:44:49
5_S235_10005344_p2_4st_GS_2207_;85480;2024-12-20 08:44:49
12_S235_10005344_p3_2st_S_2207_;85481;2024-12-20 08:44:49
8_S235_10005344_p4_8st_S_2207_;85482;2024-12-20 08:44:50
10_S235_10005344_p6_32st_S_2207_;85483;2024-12-20 08:44:50
8_S235_10005344_p7_4st_S_2207_;85484;2024-12-20 08:44:50
8_S235_10005344_p8_4st_S_2207_;85485;2024-12-20 08:44:51
8_S235_10005344_p9_8st_S_2207_;85486;2024-12-20 08:44:51
8_S235_10005344_p10_8st_SO_2207_;85487;2024-12-20 08:44:52
8_S235_10005344_p11_8st_S_2207_;85488;2024-12-20 08:44:52
20_S235_10005344_p12_8st_S_2207_;85489;2024-12-20 08:44:52
10_S235_10005344_p13_8st_S_2207_;85490;2024-12-20 08:44:53
6_S235_10005344_p14_8st_S_2207_;85491;2024-12-20 08:44:53
15_S235_10005344_p16_8st_S_2207_;85492;2024-12-20 08:44:53
4_S235_10005344_p17_4st_S_2207_;85493;2024-12-20 08:44:54
4_S235_10005344_p18_4st_GS_2207_;85494;2024-12-20 08:44:54
4_S235_10005344_p19_4st_GS_2207_;85495;2024-12-20 08:44:54
4_S235_10005344_p20_8st_GS_2207_;85496;2024-12-20 08:44:55
8_S235_10005344_p21_8st__2207_;85497;2024-12-20 08:44:55
8_S235_10001301_p10_4st_S_2207_3;85498;2024-12-20 08:44:56
6_S235_10001301_p29_8st__2207_3;85499;2024-12-20 08:44:56
5_S235_10005347_p1_4st_GS_2207_;85500;2024-12-20 08:44:56
4_S235_10005347_p2_4st_GS_2207_;85501;2024-12-20 08:44:57
4_S235_10005347_p3_4st_GS_2207_;85502;2024-12-20 08:44:57
4_S235_10005347_p4_4st_GS_2207_;85503;2024-12-20 08:44:58
4_S235_10005347_p5_4st_GS_2207_;85504;2024-12-20 08:44:58
5_S235_10005347_p6_2st_GS_2207_;85505;2024-12-20 08:44:59
12_S235_10005347_p7_2st_S_2207_;85506;2024-12-20 08:44:59
6_S235_10005347_p10_8st_S_2207_;85507;2024-12-20 08:44:59
8_S235_10005347_p11_8st_S_2207_;85508;2024-12-20 08:45:00
8_S235_10005347_p12_8st_SO_2207_;85509;2024-12-20 08:45:00
8_S235_10005347_p13_8st_S_2207_;85510;2024-12-20 08:45:00
20_S235_10005347_p14_8st_S_2207_;85511;2024-12-20 08:45:01
10_S235_10005347_p16_8st_S_2207_;85512;2024-12-20 08:45:01
10_S235_10005347_p17_32st_S_2207_;85513;2024-12-20 08:45:01
4_S235_10005347_p18_4st_S_2207_;85514;2024-12-20 08:45:02
8_S235_10005347_p22_4st_S_2207_;85515;2024-12-20 08:45:02
8_S235_10005347_p23_4st_S_2207_;85516;2024-12-20 08:45:03
15_S235_10005347_p24_8st_S_2207_;85517;2024-12-20 08:45:03
8_S235_10005347_p25_8st_S_2207_;85518;2024-12-20 08:45:03
8_S235_10005347_p26_8st__2207_;85519;2024-12-20 08:45:04
8_S235_10001301_p10_4st_S_2207_4;85520;2024-12-20 08:45:04
6_S235_10001301_p35_8st__2207_;85521;2024-12-20 08:45:04
5_S235_10010985_p1_4st__2207_;85522;2024-12-20 08:45:05
3_S235_10001228_p1_24st_GS_2207_;85523;2024-12-20 08:45:05
3_S235_10001228_p2_24st_GS_2207_;85524;2024-12-20 08:45:05
10_S235_10001228_p3_48st_S_2207_;85525;2024-12-20 08:45:06
10_S235_10001228_p4_12st_S_2207_;85526;2024-12-20 08:45:06
10_S235_10001228_p5_12st_S_2207_;85527;2024-12-20 08:45:07
12_S235_10001228_p6_24st_S_2207_;85528;2024-12-20 08:45:07
10_S235_10001228_p7_24st_S_2207_;85529;2024-12-20 08:45:07
8_S235_10005299_p1_4st_S_2207_;85530;2024-12-20 08:45:08
10_S235_10005299_p2_4st_S_2207_;85531;2024-12-20 08:45:08
10_S235_10005299_p3_16st_S_2207_;85532;2024-12-20 08:45:08
10_S235_10005299_p5_8st_S_2207_;85533;2024-12-20 08:45:09
10_S235_10005299_p6_8st_S_2207_;85534;2024-12-20 08:45:09
10_S235_10005299_p7_8st_S_2207_;85535;2024-12-20 08:45:09
3_S235_10005299_p8_8st_GS_2207_;85536;2024-12-20 08:45:10
3_S235_10005299_p9_8st_GS_2207_;85537;2024-12-20 08:45:10
10_S235_10005295_p1_6st__2207_;85538;2024-12-20 08:45:11
8_S235_10001241_p1_1st_S_2207_;85539;2024-12-20 08:45:11
10_S235_10001241_p2_1st_S_2207_;85540;2024-12-20 08:45:11
10_S235_10001241_p3_1st_S_2207_;85541;2024-12-20 08:45:12
10_S235_10001241_p4_1st_S_2207_;85542;2024-12-20 08:45:12
10_S235_10001241_p5_2st_S_2207_;85543;2024-12-20 08:45:12
10_S235_10001241_p6_2st_S_2207_;85544;2024-12-20 08:45:13
10_S235_10001241_p7_4st_S_2207_;85545;2024-12-20 08:45:13
10_S235_10001241_p9_2st_GSO_2207_;85546;2024-12-20 08:45:13
3_S235_10001241_p10_2st_GS_2207_;85547;2024-12-20 08:45:14
3_S235_10001241_p11_2st_GS_2207_;85548;2024-12-20 08:45:14
8_S235_10001241_p12_2st_S_2207_;85549;2024-12-20 08:45:15
8_S235_10001241_p13_2st_S_2207_;85550;2024-12-20 08:45:15
8_S235_10001241_p14_4st_S_2207_;85551;2024-12-20 08:45:15
8_S235_10005300_p1_1st_S_2207_;85552;2024-12-20 08:45:16
10_S235_10005300_p2_1st_S_2207_;85553;2024-12-20 08:45:16
10_S235_10005300_p3_2st_S_2207_;85554;2024-12-20 08:45:17
10_S235_10005300_p4_2st_S_2207_;85555;2024-12-20 08:45:17
10_S235_10005300_p5_4st_S_2207_;85556;2024-12-20 08:45:17
10_S235_10005300_p6_2st_S_2207_;85557;2024-12-20 08:45:18
3_S235_10005300_p8_2st_GS_2207_;85558;2024-12-20 08:45:18
3_S235_10005300_p9_2st_GS_2207_;85559;2024-12-20 08:45:18
8_S235_10001247_p1_1st_S_2207_;85560;2024-12-20 08:45:19
10_S235_10001247_p2_1st_S_2207_;85561;2024-12-20 08:45:19
10_S235_10001247_p3_1st_S_2207_;85562;2024-12-20 08:45:20
10_S235_10001247_p4_2st_S_2207_;85563;2024-12-20 08:45:20
10_S235_10001247_p5_2st_S_2207_;85564;2024-12-20 08:45:20
10_S235_10001247_p6_4st_S_2207_;85565;2024-12-20 08:45:21
10_S235_10001247_p7_1st_GSO_2207_;85566;2024-12-20 08:45:21
10_S235_10001247_p8_1st_S_2207_;85567;2024-12-20 08:45:22
3_S235_10001247_p10_2st_GS_2207_;85568;2024-12-20 08:45:22
3_S235_10001247_p11_2st_GS_2207_;85569;2024-12-20 08:45:22
8_S235_10001247_p12_1st_S_2207_;85570;2024-12-20 08:45:23
8_S235_10001247_p13_2st_S_2207_;85571;2024-12-20 08:45:23
8_S235_10001247_p14_1st_S_2207_;85572;2024-12-20 08:45:23
8_S355_10019514_p1_2st_O_2207_;85573;2024-12-20 08:45:24
8_S355_10019515_p1_2st_O_2207_;85574;2024-12-20 08:45:24
5_S235_SL10346362_p4_2st_S_2207_;85575;2024-12-20 08:45:25
8_S235_SL10346362_p5_4st_S_2207_;85576;2024-12-20 08:45:25
8_S235_SL10346362_p6_2st_S_2207_;85577;2024-12-20 08:45:25
5_S235_SL10346362_p8_2st_GS_2207_;85578;2024-12-20 08:45:26
5_S235_SL10346362_p9_2st_S_2207_;85579;2024-12-20 08:45:26
10_S235_10002363_p3_4st_GS_2207_;85580;2024-12-20 08:45:26
4_S235_10002363_p4_4st_S_2207_;85581;2024-12-20 08:45:27
4_S235_10002363_p5_4st_S_2207_;85582;2024-12-20 08:45:27
8_S235_10015609_p3_2st_S_2207_;85583;2024-12-20 08:45:28
8_S235_10015609_p4_4st_GS_2207_;85584;2024-12-20 08:45:28
8_S235_10015609_p5_2st_S_2207_;85585;2024-12-20 08:45:28
10_S235_10015609_p6_4st_S_2207_;85586;2024-12-20 08:45:29
8_S235_10015609_p8_2st_S_2207_;85587;2024-12-20 08:45:29
10_S235_10015609_p10_3st_S_2207_;85588;2024-12-20 08:45:29
10_S235_10015609_p11_1st_S_2207_;85589;2024-12-20 08:45:30
10_S235_10015609_p13_4st_S_2207_;85590;2024-12-20 08:45:30
10_S235_10015609_p14_8st_S_2207_;85591;2024-12-20 08:45:30
5_S235_10015609_p15_4st_S_2207_;85592;2024-12-20 08:45:31
3_S235_SL10309751_p1_1st_GS_2207_1;85593;2024-12-20 08:45:31
3_S235_SL10309751_p2_1st_GS_2207_1;85594;2024-12-20 08:45:32
2_oc_SL10309751_p3_1st_GS_2207_1;85595;2024-12-20 08:45:32
10_S235_SL10309751_p4_2st__2207_1;85596;2024-12-20 08:45:33
10_S235_10002363_p3_4st_GS_2207_1;85597;2024-12-20 08:45:33
4_S235_10002363_p4_4st_S_2207_1;85598;2024-12-20 08:45:33
4_S235_10002363_p5_4st_S_2207_1;85599;2024-12-20 08:45:34
8_S235_10002343_p4_4st_GS_2207_;85600;2024-12-20 08:45:34
10_S235_10002343_p5_2st_S_2207_;85601;2024-12-20 08:45:34
10_S235_10002343_p6_2st_S_2207_;85602;2024-12-20 08:45:35
5_S235_10002343_p8_4st_S_2207_;85603;2024-12-20 08:45:35
10_S235_10002343_p10_3st_S_2207_;85604;2024-12-20 08:45:36
10_S235_10002343_p11_1st_S_2207_;85605;2024-12-20 08:45:36
10_S235_10002343_p13_4st_S_2207_;85606;2024-12-20 08:45:36
10_S235_10002343_p14_8st_SO_2207_;85607;2024-12-20 08:45:37
5_S235_10002343_p15_4st_S_2207_;85608;2024-12-20 08:45:37
3_S235_SL10309751_p1_1st_GS_2207_2;85609;2024-12-20 08:45:37
3_S235_SL10309751_p2_1st_GS_2207_2;85610;2024-12-20 08:45:38
2_oc_SL10309751_p3_1st_GS_2207_2;85611;2024-12-20 08:45:38
10_S235_SL10309751_p4_2st_S_2207_2;85612;2024-12-20 08:45:39
6_S235_10001264_p1_16st_S_2207_1;85613;2024-12-20 08:45:39
15_S235_10001264_p3_8st_S_2207_1;85614;2024-12-20 08:45:39
6_S235_10001264_p4_8st_GS_2207_1;85615;2024-12-20 08:45:40
8_S355_10001273_p2_16st_S_2207_1;85616;2024-12-20 08:45:40
6_S235_10001264_p1_4st_S_2207_2;85617;2024-12-20 08:45:41
15_S235_10001264_p3_2st_S_2207_2;85618;2024-12-20 08:45:41
6_S235_10001264_p4_2st_GS_2207_2;85619;2024-12-20 08:45:41
8_S355_10001273_p2_4st_S_2207_2;85620;2024-12-20 08:45:42
6_S235_10001264_p1_4st_S_2207_3;85621;2024-12-20 08:45:42
15_S235_10001264_p3_2st_S_2207_3;85622;2024-12-20 08:45:42
6_S235_10001264_p4_2st_GS_2207_3;85623;2024-12-20 08:45:43
8_S355_10001273_p2_4st_S_2207_3;85624;2024-12-20 08:45:43
6_S235_10001264_p1_4st_S_2207_4;85625;2024-12-20 08:45:44
15_S235_10001264_p3_2st_S_2207_4;85626;2024-12-20 08:45:44
6_S235_10001264_p4_2st_GS_2207_4;85627;2024-12-20 08:45:44
8_S355_10001273_p2_4st_S_2207_4;85628;2024-12-20 08:45:45
3_S235_10001204_p2_24st_GS_2207_;85629;2024-12-20 08:45:45
3_S235_10001204_p3_24st_GS_2207_;85630;2024-12-20 08:45:46
10_S235_10001204_p5_24st_S_2207_;85631;2024-12-20 08:45:46
8_S235_10001204_p6_48st_S_2207_;85632;2024-12-20 08:45:46
15_S235_10001230_p2_22st_S_2207_1;85633;2024-12-20 08:45:47
10_S235_10001230_p3_22st_GS_2207_1;85634;2024-12-20 08:45:47
10_S235_10001230_p4_22st_SO_2207_1;85635;2024-12-20 08:45:48
5_S235_10001231_p2_4st_S_2207_2;85636;2024-12-20 08:45:48
10_S235_10001231_p3_4st_GS_2207_2;85637;2024-12-20 08:45:48
10_S235_10001234_p2_14st_S_2207_;85638;2024-12-20 08:45:49
10_S235_10001234_p3_14st_S_2207_;85639;2024-12-20 08:45:49
10_S235_10001236_p2_12st_S_2207_;85640;2024-12-20 08:45:49
20_S235_10001236_p3_12st_S_2207_;85641;2024-12-20 08:45:50
10_S235_10008072_p1_6st_S_2207_;85642;2024-12-20 08:45:50
10_S235_10008072_p3_6st_S_2207_;85643;2024-12-20 08:45:50
15_S235_10008072_p4_12st__2207_;85644;2024-12-20 08:45:51
5_S235_SL10345490_p1_1st_GS_2207_;85645;2024-12-20 08:45:51
5_S235_SL10345490_p2_2st_GS_2207_;85646;2024-12-20 08:45:52
3_S235_SL10345490_p3_1st_GS_2207_;85647;2024-12-20 08:45:52
5_S235_SL10345513_p2_2st_S_2207_1;85648;2024-12-20 08:45:52
5_S235_SL10345513_p2_2st_S_2207_2;85649;2024-12-20 08:45:53
4_S235_SL10300154_p1_8st_S_2207_1;85650;2024-12-20 08:45:53
5_S235_10001279_p1_2st_G_2207_1;85651;2024-12-20 08:45:54
5_S235_10001282_p1_2st_GS_2207_;85652;2024-12-20 08:45:54
5_S235_10001279_p1_2st_G_2207_2;85653;2024-12-20 08:45:54
6_S235_10011540_p1_16st_S_2207_;85654;2024-12-20 08:45:55
6_S235_10011540_p2_32st_S_2207_;85655;2024-12-20 08:45:55
6_S235_10011540_p3_16st_S_2207_;85656;2024-12-20 08:45:56
6_S235_10011540_p4_8st__2207_;85657;2024-12-20 08:45:56
6_S235_10011536_p1_16st_S_2207_;85658;2024-12-20 08:45:56
6_S235_10011536_p2_32st_S_2207_;85659;2024-12-20 08:45:57
6_S235_10011536_p3_16st_S_2207_;85660;2024-12-20 08:45:57
6_S235_10011536_p4_8st__2207_;85661;2024-12-20 08:45:57
6_S235_10011531_p1_8st_S_2207_;85662;2024-12-20 08:45:58
6_S235_10011531_p2_16st_S_2207_;85663;2024-12-20 08:45:58
6_S235_10011531_p3_8st_S_2207_;85664;2024-12-20 08:45:58
6_S235_10011531_p4_4st__2207_;85665;2024-12-20 08:45:59
6_S235_10009923_p1_8st_S_2207_;85666;2024-12-20 08:45:59
6_S235_10009923_p2_16st_S_2207_;85667;2024-12-20 08:46:00
5_S235_10009923_p3_8st_S_2207_;85668;2024-12-20 08:46:00
6_S235_10009923_p4_4st__2207_;85669;2024-12-20 08:46:00
5_S235_SL10321369_p1_20st_GO_2207_;85670;2024-12-20 08:46:01
5_S235_SL10446940_p1_2st_GSO_2207_;85671;2024-12-20 08:46:01
5_S235_SL10446940_p2_2st_S_2207_;85672;2024-12-20 08:46:02
5_S235_SL10446930_p1_2st_GSO_2207_;85673;2024-12-20 08:46:02
5_S235_SL10446930_p2_2st_S_2207_;85674;2024-12-20 08:46:02
5_S355_SL10446931_p1_1st_S_2207_;85675;2024-12-20 08:46:03
5_S355_SL10446941_p1_1st_S_2207_;85676;2024-12-20 08:46:03
15_S235_101433_p1_1st__2207_;85677;2024-12-20 08:46:03
12_S235_101433_p2_1st_S_2207_;85678;2024-12-20 08:46:04
5_S235_101433_p3_1st__2207_;85679;2024-12-20 08:46:04
12_S235_101433_p13_1st_S_2207_;85680;2024-12-20 08:46:04
8_S235_10002932_p1_1st_G_2207_;85681;2024-12-20 08:46:05
8_S235_10002932_p2_1st_G_2207_;85682;2024-12-20 08:46:05
4_S235_42448_p1_2st_GS_2207_;85683;2024-12-20 08:46:06
10_S235_42448_p2_2st_GS_2207_;85684;2024-12-20 08:46:06
6_S235_42448_p3_2st_S_2207_;85685;2024-12-20 08:46:07
6_S235_42448_p5_2st_GS_2207_;85686;2024-12-20 08:46:07
15_S235_42448_p6_2st_S_2207_;85687;2024-12-20 08:46:07
8_S235_42444_p1_2st_S_2207_;85688;2024-12-20 08:46:08
5_S235_42444_p2_1st_GS_2207_;85689;2024-12-20 08:46:08
4_S235_42446_p1_2st_GS_2207_;85690;2024-12-20 08:46:08
3_S235_42426_p1_2st_GS_2207_;85691;2024-12-20 08:46:09
3_oc_44598_p1_1st_G_2207_;85692;2024-12-20 08:46:09
15_S235_46914_p2_2st_S_2207_;85693;2024-12-20 08:46:10
8_S235_120121_p2_2st_S_2207_;85694;2024-12-20 08:46:10
15_S235_120121_p3_2st_S_2207_;85695;2024-12-20 08:46:11
10_S235_120121_p4_2st_S_2207_;85696;2024-12-20 08:46:11
5_S235_42425_p1_2st__2207_;85697;2024-12-20 08:46:11
2_DC01_41623_p1_1st_GS_2207_;85698;2024-12-20 08:46:12
3_S235_42016_p1_2st_GS_2207_;85699;2024-12-20 08:46:12
3_S235_41623_p5_2st_G_2207_;85700;2024-12-20 08:46:13
5_S235_41623_p6_1st_GS_2207_;85701;2024-12-20 08:46:13
15_S235_42427_p1_2st_S_2207_;85702;2024-12-20 08:46:13
30_S235_45835_p1_2st_O_2207_;85703;2024-12-20 08:46:14
4_S235_43927_p1_12st_G_2207_;85704;2024-12-20 08:46:14
5_S235_41532_p2_12st_S_2207_;85705;2024-12-20 08:46:15
6_S235_100555_p1_4st_GS_2207_;85706;2024-12-20 08:46:15
4_S235_100555_p2_4st_S_2207_;85707;2024-12-20 08:46:15
5_S235_300131_p1_4st_GS_2207_;85708;2024-12-20 08:46:16
6_S235_100555_p5_4st_S_2207_;85709;2024-12-20 08:46:16
6_S235_100554_p1_4st_GS_2207_;85710;2024-12-20 08:46:17
4_S235_100554_p2_4st_S_2207_;85711;2024-12-20 08:46:17
5_S235_300129_p1_4st_GS_2207_;85712;2024-12-20 08:46:17
6_S235_100554_p5_4st_S_2207_;85713;2024-12-20 08:46:18
8_S235_501918_p1_2st_S_2207_;85714;2024-12-20 08:46:18
8_S235_507000_p1_2st_G_2207_;85715;2024-12-20 08:46:18
15_S235_120129_p1_20st__2207_;85716;2024-12-20 08:46:19
10_S235_SL6035776_p2_2st_S_2207_;85717;2024-12-20 08:46:19
8_S235_SL6035776_p3_2st_S_2207_;85718;2024-12-20 08:46:20
2_oc_120139_p1_2st_G_2207_;85719;2024-12-20 08:46:20
2_oc_120139_p2_2st_G_2207_;85720;2024-12-20 08:46:20
2_oc_120139_p3_1st_G_2207_;85721;2024-12-20 08:46:21
4_S235_120135_p1_10st_G_2207_;85722;2024-12-20 08:46:21
4_S235_120135_p2_20st_G_2207_;85723;2024-12-20 08:46:22
4_S235_120135_p3_40st_G_2207_;85724;2024-12-20 08:46:22
3_S235_34191_p1_20st_G_2207_3;85725;2024-12-20 08:46:23
4_S235_SL6035775_p1_2st_G_2207_;85726;2024-12-20 08:46:23
4_S235_SL6035775_p2_2st_G_2207_;85727;2024-12-20 08:46:24
4_S235_SL6035775_p3_2st_G_2207_;85728;2024-12-20 08:46:24
4_S235_SL6035775_p4_1st_G_2207_;85729;2024-12-20 08:46:25
4_S235_SL6035775_p5_2st_G_2207_;85730;2024-12-20 08:46:25
4_S235_SL6035775_p6_10st_G_2207_;85731;2024-12-20 08:46:26
3_S235_34191_p1_2st_G_2207_1;85732;2024-12-20 08:46:26
3_S235_SL6035775_p11_2st_G_2207_;85733;2024-12-20 08:46:26
4_S235_SL6035775_p12_2st__2207_;85734;2024-12-20 08:46:27
5_S235_120133_p1_4st_GS_2207_1;85735;2024-12-20 08:46:27
15_S235_120133_p2_8st_S_2207_1;85736;2024-12-20 08:46:28
5_HB400_SL6046769_p1_2st_O_2207_;85737;2024-12-20 08:46:28
5_HB400_SL6046769_p2_42st_O_2207_;85738;2024-12-20 08:46:28
5_HB400_SL6046769_p3_4st_O_2207_;85739;2024-12-20 08:46:29
5_HB400_SL6046769_p4_2st_O_2207_;85740;2024-12-20 08:46:29
5_HB400_SL6046769_p5_2st_O_2207_;85741;2024-12-20 08:46:30
5_HB400_SL6046769_p6_1st_O_2207_;85742;2024-12-20 08:46:30
30_S235_101137_p1_2st_O_2207_3;85743;2024-12-20 08:46:30
30_S235_101137_p1_2st_O_2207_1;85744;2024-12-20 08:46:31
10_S235_SL6046770_p1_2st_S_2207_;85745;2024-12-20 08:46:31
10_S235_SL6046770_p2_2st_S_2207_;85746;2024-12-20 08:46:31
10_S235_SL6046770_p3_2st_S_2207_;85747;2024-12-20 08:46:32
10_S235_SL6046770_p4_2st_S_2207_;85748;2024-12-20 08:46:32
10_S235_SL6046770_p5_2st_S_2207_;85749;2024-12-20 08:46:32
30_S235_SL6046770_p6_2st_S_2207_;85750;2024-12-20 08:46:33
5_S235_SL6046770_p13_2st_S_2207_;85751;2024-12-20 08:46:33
3_oc_103512_p1_2st_G_2207_;85752;2024-12-20 08:46:33
6_S235_101532_p5_2st_G_2207_;85753;2024-12-20 08:46:34
4_S235_120134_p1_2st_GS_2207_;85754;2024-12-20 08:46:34
4_S235_120134_p2_2st_GS_2207_;85755;2024-12-20 08:46:35
4_oc_120134_p3_1st_G_2207_;85756;2024-12-20 08:46:35
4_oc_120134_p4_2st_G_2207_;85757;2024-12-20 08:46:36
4_S235_120134_p6_4st_G_2207_;85758;2024-12-20 08:46:36
3_S235_34191_p1_1st_G_2207_2;85759;2024-12-20 08:46:37
3_oc_34191_p1_2st_G_2207_4;85760;2024-12-20 08:46:37
5_S235_120133_p1_2st_GS_2207_2;85761;2024-12-20 08:46:37
15_S235_120133_p2_4st_S_2207_2;85762;2024-12-20 08:46:38
5_S235_10006929_p1_6st_G_2207_;85763;2024-12-20 08:46:38
10_S235_100557_p1_94st__2207_;85764;2024-12-20 08:46:39
10_S235_SL6035783_p2_10st_S_2207_;85765;2024-12-20 08:46:39
10_S235_SL6035783_p3_4st_S_2207_;85766;2024-12-20 08:46:39
3_oc_SL6024117_p2_10st_GS_2207_;85767;2024-12-20 08:46:40
5_S235_SL6023080_p1_2st_G_2207_;85768;2024-12-20 08:46:40
5_S235_SL6023080_p2_2st__2207_;85769;2024-12-20 08:46:41
30_S235_101137_p1_2st_O_2207_2;85770;2024-12-20 08:46:41
5_S235_SL6046771_p1_6st_GS_2207_;85771;2024-12-20 08:46:41
15_S235_SL6046771_p2_12st_S_2207_;85772;2024-12-20 08:46:42
12_S235_SL40033135_p1_1st_G_3656_;85773;2025-01-02 13:27:48
8_S235_SL40033947_p1_2st__3656_;85774;2025-01-02 13:27:49
5_S235_SL40034102_p2_1st_GS_3656_;85775;2025-01-02 13:27:50
12_S235_SL40034102_p3_1st_S_3656_;85776;2025-01-02 13:27:50
12_S235_SL40034102_p5_1st_GS_3656_;85777;2025-01-02 13:27:51
12_S235_SL40034102_p7_1st_GS_3656_;85778;2025-01-02 13:27:51
5_S235_SL40034102_p9_1st_GS_3656_;85779;2025-01-02 13:27:52
12_S235_SL40034102_p10_1st_S_3656_;85780;2025-01-02 13:27:52
12_S235_SL40034102_p11_1st_S_3656_;85781;2025-01-02 13:27:52
5_S235_SL40034102_p1_1st_GS_3656_1;85782;2025-01-02 13:27:53
12_S235_SL40034102_p3_1st_S_3656_1;85783;2025-01-02 13:27:53
12_S235_SL40034102_p4_1st_GS_3656_1;85784;2025-01-02 13:27:54
12_S235_SL40034102_p6_1st_GS_3656_1;85785;2025-01-02 13:27:54
5_S235_SL40034102_p8_1st_GS_3656_1;85786;2025-01-02 13:27:54
12_S235_SL40034102_p10_1st_S_3656_1;85787;2025-01-02 13:27:55
12_S235_SL40034102_p11_1st_S_3656_1;85788;2025-01-02 13:27:55
3_S235_SL40034104_p2_1st_GS_3656_;85789;2025-01-02 13:27:56
3_S235_SL40034104_p1_1st_GS_3656_L;85790;2025-01-02 13:27:56
3_S235_SL40036103_p2_1st_GS_3656_L;85791;2025-01-02 13:27:56
3_S235_SL40036103_p3_1st_S_3656_L;85792;2025-01-02 13:27:57
3_S235_SL40036103_p1_1st_GS_3656_;85793;2025-01-02 13:27:57
3_S235_SL40036103_p3_1st_S_3656_;85794;2025-01-02 13:27:58
5_S235_SL40534900_p1_1st_GS_3656_;85795;2025-01-02 13:27:58
8_S235_SL40534900_p2_2st_S_3656_;85796;2025-01-02 13:27:59
3_S235_SL40534902_p1_1st_GS_3656_;85797;2025-01-02 13:27:59
3_S235_SL40534903_p1_1st__3656_;85798;2025-01-02 13:27:59
4_S235_SL40034914_p1_4st__3656_;85799;2025-01-02 13:28:00
5_S235_SL40034912_p2_1st_GS_3656_;85800;2025-01-02 13:28:00
5_S235_SL40034912_p1_1st_GS_3656_;85801;2025-01-02 13:28:01
5_S235_SL40038124_p1_1st_GS_3656_;85802;2025-01-02 13:28:01
5_S235_SL40038124_p3_1st_GS_3656_;85803;2025-01-02 13:28:01
5_S235_SL40038124_p4_1st_GS_3656_;85804;2025-01-02 13:28:02
5_S235_SL40038124_p2_1st_GS_3656_;85805;2025-01-02 13:28:02
5_S235_SL40038124_p3_1st_GS_3656_1;85806;2025-01-02 13:28:03
5_S235_SL40038124_p4_1st_GS_3656_1;85807;2025-01-02 13:28:03
4_S235_SL40538015_p1_1st_G_3656_;85808;2025-01-02 13:28:04
4_S235_SL40038126_p1_2st_GS_3656_;85809;2025-01-02 13:28:04
4_S235_SL40038126_p2_2st_GS_3656_;85810;2025-01-02 13:28:05
5_S235_SL40538004_p1_1st__3656_1;85811;2025-01-02 13:28:05
2_OC_SL40034913_p1_2st_G_3656_;85812;2025-01-02 13:28:05
20_S235_SL40032905_p1_2st__3656_;85813;2025-01-02 13:28:06
5_S235_SL40535202_p1_1st_GS_3656_;85814;2025-01-02 13:28:06
2_OC_SL40535202_p2_1st_GS_3656_;85815;2025-01-02 13:28:07
2_OC_SL40535202_p3_1st_GS_3656_;85816;2025-01-02 13:28:07
3_S235_SL40535202_p4_1st_GS_3656_;85817;2025-01-02 13:28:07
3_S235_SL40535202_p5_1st_GS_3656_;85818;2025-01-02 13:28:08
5_S235_SL40535202_p6_2st_S_3656_;85819;2025-01-02 13:28:08
20_S235_SL40035200_p1_2st__3656_;85820;2025-01-02 13:28:09
2_DC01_SL40545209_p1_1st_G_3656_;85821;2025-01-02 13:28:09
3_S355_SL40545211_p1_1st_G_3656_;85822;2025-01-02 13:28:09
3_S355_SL40545212_p1_1st_G_3656_;85823;2025-01-02 13:28:10
5_S235_SL40545214_p1_1st_GS_3656_;85824;2025-01-02 13:28:10
2_OC_SL40545214_p2_1st_GS_3656_;85825;2025-01-02 13:28:11
20_S235_SL40545214_p3_2st_SO_3656_;85826;2025-01-02 13:28:11
5_S235_SL40545214_p4_2st_S_3656_;85827;2025-01-02 13:28:12
3_S235_SL40545214_p6_1st_GS_3656_;85828;2025-01-02 13:28:12
3_S235_SL40545214_p7_1st_GS_3656_;85829;2025-01-02 13:28:13
2_DC01_SL40545215_p1_1st_G_3656_;85830;2025-01-02 13:28:13
3_OC_SL40545204_p1_1st_G_3656_;85831;2025-01-02 13:28:13
3_S235_SL40545216_p1_1st_G_3656_;85832;2025-01-02 13:28:14
3_S235_SL40046332_p2_1st_GS_3656_L;85833;2025-01-02 13:28:14
3_S235_SL40046330_p1_1st_GS_3656_;85834;2025-01-02 13:28:15
3_S235_SL40534902_p1_1st_GS_3656_1;85835;2025-01-02 13:28:15
3_S235_SL40534903_p1_1st__3656_1;85836;2025-01-02 13:28:16
5_S235_SL40538004_p1_1st__3656_2;85837;2025-01-02 13:28:16
4_S235_SL40538015_p1_1st_G_3656_2;85838;2025-01-02 13:28:17
4_S235_SL40034914_p1_4st__3656_1;85839;2025-01-02 13:28:17
5_S235_SL40551204_p1_4st_GS_3656_;85840;2025-01-02 13:28:17
2_OC_SL40551305_p1_1st_G_3656_;85841;2025-01-02 13:28:18
1,5_DC01_SL40551305_p2_1st__3656_;85842;2025-01-02 13:28:18
2_OC_SL40551306_p1_1st_G_3656_;85843;2025-01-02 13:28:19
1,5_DC01_SL40551306_p2_1st__3656_;85844;2025-01-02 13:28:19
3_S235_SL40052108_p1_8st_G_3656_;85845;2025-01-02 13:28:19
5_S235_SL40551204_p1_16st_GS_3656_;85846;2025-01-02 13:28:20
4_S235_SL40051402_p1_8st_G_3656_;85847;2025-01-02 13:28:20
2_OC_SL40052335_p1_8st_G_3656_;85848;2025-01-02 13:28:21
5_S235_SL40561219_p1_26st_GS_3656_;85849;2025-01-02 13:28:21
5_S235_SL40061202_p1_13st_GS_3656_;85850;2025-01-02 13:28:22
8_S235_SL40062120_p1_2st_G_3656_;85851;2025-01-02 13:28:22
8_S235_SL40062120_p2_2st_G_3656_;85852;2025-01-02 13:28:23
8_S235_SL40062225_p1_4st_G_3656_;85853;2025-01-02 13:28:23
5_S235_SL40062245_p2_6st_G_3656_;85854;2025-01-02 13:28:24
3_S235_SL40585101_p1_1st_G_3656_;85855;2025-01-02 13:28:24
3_S235_SL40585101_p2_1st_G_3656_;85856;2025-01-02 13:28:24
4_S235_SL40585101_p3_1st__3656_;85857;2025-01-02 13:28:25
4_S235_SL40585101_p4_1st_G_3656_;85858;2025-01-02 13:28:25
2_DC01_SL40585101_p5_1st_G_3656_;85859;2025-01-02 13:28:26
3_S235_SL40585117_p1_1st_GS_3656_;85860;2025-01-02 13:28:26
3_S235_SL40585117_p2_1st_GS_3656_;85861;2025-01-02 13:28:27
4_S235_SL40585117_p3_1st_S_3656_;85862;2025-01-02 13:28:27
4_S235_SL40585117_p4_1st_GS_3656_;85863;2025-01-02 13:28:27
2_DC01_SL40585117_p5_1st_G_3656_;85864;2025-01-02 13:28:28
2_OC_SL40585200_p1_5st_G_3656_;85865;2025-01-02 13:28:28
4_S235_500173_p1_20st_G_3656_;85866;2025-01-02 13:28:29
12_S235_SL40033135_p1_1st_G_3656_1;85867;2025-01-02 13:28:29
8_S235_SL40033947_p1_2st__3656_1;85868;2025-01-02 13:28:30
5_S235_SL40034102_p2_1st_GS_3656_2;85869;2025-01-02 13:28:30
12_S235_SL40034102_p3_1st_S_3656_2;85870;2025-01-02 13:28:31
12_S235_SL40034102_p5_1st_GS_3656_2;85871;2025-01-02 13:28:31
12_S235_SL40034102_p7_1st_GS_3656_2;85872;2025-01-02 13:28:31
5_S235_SL40034102_p9_1st_GS_3656_2;85873;2025-01-02 13:28:32
12_S235_SL40034102_p10_1st_S_3656_2;85874;2025-01-02 13:28:32
12_S235_SL40034102_p11_1st_S_3656_2;85875;2025-01-02 13:28:33
5_S235_SL40034102_p1_1st_GS_3656_3;85876;2025-01-02 13:28:33
12_S235_SL40034102_p3_1st_S_3656_3;85877;2025-01-02 13:28:33
12_S235_SL40034102_p4_1st_GS_3656_3;85878;2025-01-02 13:28:34
12_S235_SL40034102_p6_1st_GS_3656_3;85879;2025-01-02 13:28:34
5_S235_SL40034102_p8_1st_GS_3656_3;85880;2025-01-02 13:28:35
12_S235_SL40034102_p10_1st_S_3656_3;85881;2025-01-02 13:28:35
12_S235_SL40034102_p11_1st_S_3656_3;85882;2025-01-02 13:28:36
3_S235_SL40034104_p2_1st_GS_3656_1;85883;2025-01-02 13:28:36
3_S235_SL40034104_p1_1st_GS_3656_L1;85884;2025-01-02 13:28:36
3_S235_SL40036103_p2_1st_GS_3656_L1;85885;2025-01-02 13:28:37
3_S235_SL40036103_p3_1st_S_3656_L1;85886;2025-01-02 13:28:37
3_S235_SL40036103_p1_1st_GS_3656_1;85887;2025-01-02 13:28:38
3_S235_SL40036103_p3_1st_S_3656_1;85888;2025-01-02 13:28:38
5_S235_SL40534900_p1_1st_GS_3656_1;85889;2025-01-02 13:28:39
8_S235_SL40534900_p2_2st_S_3656_1;85890;2025-01-02 13:28:39
3_S235_SL40534902_p1_1st_GS_3656_2;85891;2025-01-02 13:28:39
3_S235_SL40534903_p1_1st__3656_2;85892;2025-01-02 13:28:40
4_S235_SL40034914_p1_4st__3656_2;85893;2025-01-02 13:28:40
5_S235_SL40034912_p2_1st_GS_3656_1;85894;2025-01-02 13:28:40
5_S235_SL40034912_p1_1st_GS_3656_1;85895;2025-01-02 13:28:41
5_S235_SL40038124_p1_1st_GS_3656_2;85896;2025-01-02 13:28:41
5_S235_SL40038124_p3_1st_GS_3656_2;85897;2025-01-02 13:28:42
5_S235_SL40038124_p4_1st_GS_3656_2;85898;2025-01-02 13:28:42
5_S235_SL40038124_p2_1st_GS_3656_2;85899;2025-01-02 13:28:43
5_S235_SL40038124_p3_1st_GS_3656_3;85900;2025-01-02 13:28:43
5_S235_SL40038124_p4_1st_GS_3656_3;85901;2025-01-02 13:28:44
4_S235_SL40538015_p1_1st_G_3656_1;85902;2025-01-02 13:28:44
4_S235_SL40038126_p1_2st_GS_3656_1;85903;2025-01-02 13:28:45
4_S235_SL40038126_p2_2st_GS_3656_1;85904;2025-01-02 13:28:45
5_S235_SL40538004_p1_1st__3656_;85905;2025-01-02 13:28:46
2_OC_SL40034913_p1_2st_G_3656_1;85906;2025-01-02 13:28:46
20_S235_SL40032905_p1_2st__3656_1;85907;2025-01-02 13:28:46
15_S235_SL40043211_p3_1st_S_3656_;85908;2025-01-02 13:28:47
15_S235_SL40043211_p3_1st_S_3656_1;85909;2025-01-02 13:28:47
4_S235_SL40044103_p1_1st_GS_3656_;85910;2025-01-02 13:28:48
4_S235_SL40044103_p2_1st_GS_3656_;85911;2025-01-02 13:28:48
5_S235_SL40545206_p1_1st_GS_3656_;85912;2025-01-02 13:28:48
2_OC_SL40545206_p2_1st_GS_3656_;85913;2025-01-02 13:28:49
20_S235_SL40545206_p3_2st_SO_3656_;85914;2025-01-02 13:28:49
5_S235_SL40545206_p4_2st_S_3656_;85915;2025-01-02 13:28:50
3_S235_SL40545206_p6_1st_GS_3656_;85916;2025-01-02 13:28:50
3_S235_SL40545206_p7_1st_GS_3656_;85917;2025-01-02 13:28:51
3_OC_SL40545204_p1_2st_G_3656_;85918;2025-01-02 13:28:51
3_S235_SL40546307_p1_1st_G_3656_;85919;2025-01-02 13:28:51
3_S235_SL40546308_p1_1st_G_3656_;85920;2025-01-02 13:28:52
3_S235_SL40046332_p2_1st_GS_3656_L1;85921;2025-01-02 13:28:52
3_S235_SL40046330_p1_1st_GS_3656_1;85922;2025-01-02 13:28:53
5_S235_SL40062244_p1_2st_G_3656_;85923;2025-01-02 13:28:53
2_OC_SL40562901_p1_2st_G_3656_;85924;2025-01-02 13:28:54
2_OC_SL40546803_p1_1st_GS_3656_;85925;2025-01-02 13:28:54
8_S235_SL40062237_p1_2st_GS_3656_;85926;2025-01-02 13:28:55
2_OC_SL40546805_p1_1st_G_3656_;85927;2025-01-02 13:28:55
2_OC_SL40046804_p2_1st_G_3656_;85928;2025-01-02 13:28:55
2_OC_SL40046804_p1_1st_G_3656_;85929;2025-01-02 13:28:56
3_S235_SL40051156_p2_1st_G_3656_;85930;2025-01-02 13:28:56
3_S235_SL40051156_p1_1st_G_3656_;85931;2025-01-02 13:28:57
5_S235_SL40551204_p1_4st_GS_3656_1;85932;2025-01-02 13:28:57
4_S235_SL40051402_p1_2st_G_3656_;85933;2025-01-02 13:28:58
3_S235_SL40551605_p1_1st_G_3656_;85934;2025-01-02 13:28:58
4_S235_SL40551701_p1_1st_G_3656_;85935;2025-01-02 13:28:59
4_S235_SL40551701_p2_1st_G_3656_;85936;2025-01-02 13:28:59
2_OC_SL40551307_p1_1st_G_3656_;85937;2025-01-02 13:29:00
1,5_DC01_SL40551307_p2_1st__3656_;85938;2025-01-02 13:29:00
2_OC_SL40551308_p1_1st_G_3656_;85939;2025-01-02 13:29:01
1,5_DC01_SL40551308_p2_1st__3656_;85940;2025-01-02 13:29:01
3_S235_SL40052108_p1_2st_G_3656_;85941;2025-01-02 13:29:01
5_S235_SL40551204_p1_4st_GS_3656_2;85942;2025-01-02 13:29:02
4_S235_SL40051402_p1_2st_G_3656_1;85943;2025-01-02 13:29:02
2_OC_SL40052335_p1_2st_G_3656_;85944;2025-01-02 13:29:03
5_S235_SL40561219_p1_48st_GS_3656_;85945;2025-01-02 13:29:03
5_S235_SL40061202_p1_24st_GS_3656_;85946;2025-01-02 13:29:04
5_S235_SL40062246_p1_12st_G_3656_;85947;2025-01-02 13:29:04
5_S235_SL40562206_p1_6st_G_3656_;85948;2025-01-02 13:29:05
5_S235_SL40062245_p2_12st_G_3656_;85949;2025-01-02 13:29:05
8_S235_SL40062120_p1_1st_G_3656_;85950;2025-01-02 13:29:06
8_S235_SL40062120_p2_1st_G_3656_;85951;2025-01-02 13:29:06
5_S235_SL40071628_p1_6st_GS_3656_;85952;2025-01-02 13:29:06
20_S235_SL40071937_p1_12st_S_3656_;85953;2025-01-02 13:29:07
10_S235_SL40071938_p1_18st_S_3656_;85954;2025-01-02 13:29:07
8_S235_SL40072001_p1_2st_G_3656_;85955;2025-01-02 13:29:08
3_S235_SL40072064_p1_16st_G_3656_;85956;2025-01-02 13:29:08
10_S235_SL10523266_p1_1st_S_3656_;85957;2025-01-02 13:29:09
10_S235_SL10523266_p2_2st_SO_3656_;85958;2025-01-02 13:29:09
10_S235_SL10523266_p1_1st_S_3656_1;85959;2025-01-02 13:29:09
10_S235_SL10523266_p2_2st_SO_3656_1;85960;2025-01-02 13:29:10
20_S235_SL10523430_p2_4st_S_3656_;85961;2025-01-02 13:29:10
8_S235_SL10523430_p3_2st_S_3656_;85962;2025-01-02 13:29:11
8_S235_SL10523430_p4_2st_S_3656_;85963;2025-01-02 13:29:11
12_S235_SL10523430_p5_8st_S_3656_;85964;2025-01-02 13:29:11
20_S235_SL10523430_p7_2st_S_3656_;85965;2025-01-02 13:29:12
8_S235_SL10523430_p8_2st_S_3656_;85966;2025-01-02 13:29:12
8_S235_SL10523430_p9_2st_S_3656_;85967;2025-01-02 13:29:12
8_S235_SL10523430_p10_2st_S_3656_;85968;2025-01-02 13:29:13
8_S235_SL10523430_p11_2st_S_3656_;85969;2025-01-02 13:29:13
10_S235_SL10523430_p12_2st_S_3656_;85970;2025-01-02 13:29:14
10_S235_SL10523430_p14_2st_S_3656_;85971;2025-01-02 13:29:14
10_S235_SL10523430_p15_8st_S_3656_;85972;2025-01-02 13:29:14
10_S235_SL10523430_p16_12st_S_3656_;85973;2025-01-02 13:29:15
8_S235_SL10523430_p18_2st_S_3656_;85974;2025-01-02 13:29:15
20_S235_SL10523430_p19_6st_S_3656_;85975;2025-01-02 13:29:16
8_S235_SL10523430_p21_2st_S_3656_;85976;2025-01-02 13:29:16
8_S235_SL10523430_p23_2st_S_3656_;85977;2025-01-02 13:29:16
10_S235_SL10523430_p25_2st_S_3656_;85978;2025-01-02 13:29:17
10_S235_SL10523430_p28_2st_S_3656_;85979;2025-01-02 13:29:17
10_S235_SL10523430_p30_2st_S_3656_;85980;2025-01-02 13:29:18
8_S235_SL10523430_p38_7st_S_3656_;85981;2025-01-02 13:29:18
8_S235_SL10523430_p39_4st_S_3656_;85982;2025-01-02 13:29:18
20_S235_SL10523156_p1_2st_S_3656_;85983;2025-01-02 13:29:19
20_S235_SL10523156_p2_2st_S_3656_;85984;2025-01-02 13:29:19
12_S235_SL10523156_p3_2st_S_3656_;85985;2025-01-02 13:29:19
12_S235_SL10523156_p4_4st_S_3656_;85986;2025-01-02 13:29:20
12_S235_SL10523156_p5_2st_GS_3656_;85987;2025-01-02 13:29:20
5_S235_SL10523379_p1_4st__3656_;85988;2025-01-02 13:29:21
2_DC01_SL10523379_p2_4st__3656_;85989;2025-01-02 13:29:21
1,5_DC01_SL10523379_p3_2st__3656_;85990;2025-01-02 13:29:21
12_S235_SL10523267_p2_8st_S_3656_;85991;2025-01-02 13:29:22
12_S235_SL10523267_p3_8st_S_3656_;85992;2025-01-02 13:29:22
25_S235_SL10523273_p1_4st_S_3656_;85993;2025-01-02 13:29:23
25_S235_SL10523273_p2_8st_S_3656_;85994;2025-01-02 13:29:23
12_S235_SL10523273_p3_24st_S_3656_;85995;2025-01-02 13:29:23
25_S235_44451_p2_6st_S_3656_;85996;2025-01-02 13:29:24
12_S235_44451_p3_12st_S_3656_;85997;2025-01-02 13:29:24
5_S235_SL10523363_p1_1st_GS_3656_;85998;2025-01-02 13:29:25
5_S235_SL10523363_p4_2st_GS_3656_;85999;2025-01-02 13:29:25
5_S235_SL10523363_p5_1st_S_3656_;86000;2025-01-02 13:29:25
5_S235_SL10523363_p10_1st_GS_3656_;86001;2025-01-02 13:29:26
5_S235_SL10523364_p1_1st_SO_3656_;86002;2025-01-02 13:29:26
5_S235_SL40581801_p1_2st_G_3656_;86003;2025-01-02 13:29:27
5_S235_SL40081914_p1_2st_GS_3656_;86004;2025-01-02 13:29:27
5_S235_SL40081914_p4_8st_GS_3656_;86005;2025-01-02 13:29:28
5_S235_SL40081914_p5_4st_S_3656_;86006;2025-01-02 13:29:28
5_S235_SL40081902_p1_2st_GO_3656_;86007;2025-01-02 13:29:29
5_S235_SL40581801_p1_8st_G_3656_;86008;2025-01-02 13:29:29
5_S235_SL40081913_p1_1st_GSO_3656_;86009;2025-01-02 13:29:29
5_S235_SL40081913_p4_4st_GS_3656_;86010;2025-01-02 13:29:30
5_S235_SL40081913_p5_2st_S_3656_;86011;2025-01-02 13:29:30
5_S235_SL40081912_p1_1st_GSO_3656_;86012;2025-01-02 13:29:31
5_S235_SL40581801_p1_4st_G_3656_;86013;2025-01-02 13:29:31
5_S235_SL10523336_p1_1st_GSO_3656_;86014;2025-01-02 13:29:32
5_S235_SL10523336_p2_1st_GS_3656_;86015;2025-01-02 13:29:32
10_S235_SL10523336_p3_1st_S_3656_;86016;2025-01-02 13:29:33
5_S235_SL10523336_p5_1st_GSO_3656_;86017;2025-01-02 13:29:33
5_S235_SL10523336_p6_1st_GS_3656_;86018;2025-01-02 13:29:33
10_S235_SL10523336_p7_1st_S_3656_;86019;2025-01-02 13:29:34
10_S235_SL10523336_p8_1st_S_3656_;86020;2025-01-02 13:29:34
5_S235_SL10523336_p9_1st_GS_3656_;86021;2025-01-02 13:29:35
5_S235_SL10523336_p10_1st_GS_3656_;86022;2025-01-02 13:29:35
5_S235_SL10523336_p12_4st_S_3656_;86023;2025-01-02 13:29:35
5_S235_SL10523336_p13_1st_GS_3656_;86024;2025-01-02 13:29:36
5_S235_SL10523336_p14_1st_GS_3656_;86025;2025-01-02 13:29:36
5_S235_SL10523337_p1_2st_GS_3656_;86026;2025-01-02 13:29:37
5_S235_SL10523337_p2_2st_S_3656_;86027;2025-01-02 13:29:37
5_S235_SL10523335_p1_1st_GS_3656_;86028;2025-01-02 13:29:38
5_S235_SL10523335_p2_1st_GS_3656_;86029;2025-01-02 13:29:38
10_S235_SL10523335_p3_1st_S_3656_;86030;2025-01-02 13:29:38
5_S235_SL10523335_p5_1st_GS_3656_;86031;2025-01-02 13:29:39
5_S235_SL10523335_p6_1st_GS_3656_;86032;2025-01-02 13:29:39
10_S235_SL10523335_p7_1st_S_3656_;86033;2025-01-02 13:29:40
10_S235_SL10523335_p8_1st_S_3656_;86034;2025-01-02 13:29:40
5_S235_SL10523335_p9_1st_GS_3656_;86035;2025-01-02 13:29:41
5_S235_SL10523335_p10_1st_GS_3656_;86036;2025-01-02 13:29:41
5_S235_SL10523335_p12_4st_S_3656_;86037;2025-01-02 13:29:42
5_S235_SL10523338_p1_2st_GS_3656_;86038;2025-01-02 13:29:42
5_S235_SL10523338_p2_2st_S_3656_;86039;2025-01-02 13:29:42
5_S235_SL40581502_p1_2st_GS_3656_;86040;2025-01-02 13:29:43
5_S235_SL40581502_p2_1st_GS_3656_;86041;2025-01-02 13:29:43
5_S235_SL40581502_p3_2st_GS_3656_;86042;2025-01-02 13:29:44
10_S235_SL40581502_p7_2st_S_3656_;86043;2025-01-02 13:29:44
10_S235_SL10402449_p1_2st__3656_;86044;2025-01-02 13:29:45
10_S235_SL10523340_p2_2st_S_3656_;86045;2025-01-02 13:29:45
10_S235_SL40081909_p1_2st__3656_;86046;2025-01-02 13:29:45
5_S235_SL40581508_p1_2st_GS_3656_;86047;2025-01-02 13:29:46
5_S235_SL10369238_p1_1st_GS_3656_;86048;2025-01-02 13:29:46
5_S235_SL40081941_p1_1st_S_3656_;86049;2025-01-02 13:29:47
8_S235_SL40081811_p1_4st_S_3656_;86050;2025-01-02 13:29:47
8_S235_SL40081811_p2_4st_S_3656_;86051;2025-01-02 13:29:47
5_S235_SL10523155_p1_1st_S_3656_;86052;2025-01-02 13:29:48
5_S235_SL10523155_p2_1st_S_3656_;86053;2025-01-02 13:29:48
5_S235_SL10523155_p3_1st_GS_3656_;86054;2025-01-02 13:29:49
5_S235_SL10523155_p4_1st_GS_3656_;86055;2025-01-02 13:29:49
8_S235_SL10523155_p5_1st_GS_3656_;86056;2025-01-02 13:29:49
8_S235_SL10523155_p6_1st_GS_3656_;86057;2025-01-02 13:29:50
5_S235_SL10523155_p7_1st_GS_3656_;86058;2025-01-02 13:29:50
8_S235_SL10523155_p8_2st_S_3656_;86059;2025-01-02 13:29:51
8_S235_SL10523155_p9_2st_S_3656_;86060;2025-01-02 13:29:51
5_S235_SL10523155_p10_2st_S_3656_;86061;2025-01-02 13:29:52
1_DC01_SL10523155_p11_2st__3656_;86062;2025-01-02 13:29:52
2_DC01_SL10523155_p12_2st__3656_;86063;2025-01-02 13:29:52
5_S235_SL10523155_p13_1st__3656_;86064;2025-01-02 13:29:53
5_S235_SL10523368_p1_1st_GS_3656_;86065;2025-01-02 13:29:53
5_S235_SL10523368_p2_1st_GS_3656_;86066;2025-01-02 13:29:54
5_S235_SL10523368_p3_1st_GS_3656_;86067;2025-01-02 13:29:54
5_S235_SL10523368_p4_1st_GS_3656_;86068;2025-01-02 13:29:55
3_S235_SL40585101_p1_1st_G_3656_1;86069;2025-01-02 13:29:55
3_S235_SL40585101_p2_1st_G_3656_1;86070;2025-01-02 13:29:55
4_S235_SL40585101_p3_1st__3656_1;86071;2025-01-02 13:29:56
4_S235_SL40585101_p4_1st_G_3656_1;86072;2025-01-02 13:29:56
2_DC01_SL40585101_p5_1st_G_3656_1;86073;2025-01-02 13:29:57
2_OC_SL40585200_p1_2st_G_3656_;86074;2025-01-02 13:29:57
1_OC_SL40585202_p1_1st_GS_3656_;86075;2025-01-02 13:29:58
4_S235_500173_p1_8st_G_3656_;86076;2025-01-02 13:29:58
2_OC_SL40585906_p1_1st_GS_3656_;86077;2025-01-02 13:29:59
2_OC_SL40585906_p2_1st_GS_3656_;86078;2025-01-02 13:29:59
2_OC_SL40585908_p1_1st_GS_3656_;86079;2025-01-02 13:30:00
2_OC_SL40585908_p2_1st_GS_3656_;86080;2025-01-02 13:30:00
3_S235_SL40091030_p1_8st_G_3656_;86081;2025-01-02 13:30:00
3_S355_SL10405548_p1_1st_GS_3656_;86082;2025-01-02 13:30:01
3_S355_SL10405548_p2_1st_S_3656_;86083;2025-01-02 13:30:01
3_S355_SL10405549_p1_1st_GS_3656_;86084;2025-01-02 13:30:02
15_S235_SL10523359_p1_12st__3656_;86085;2025-01-02 13:30:02
5_S235_SL10523057_p1_1st_S_3656_;86086;2025-01-02 13:30:03
5_S235_SL10523057_p3_1st_S_3656_;86087;2025-01-02 13:30:03
5_S235_SL10523057_p4_1st_S_3656_;86088;2025-01-02 13:30:03
10_S235_SL10523077_p1_1st_GS_3656_;86089;2025-01-02 13:30:04
10_S235_42842_p4_2st_S_3656_;86090;2025-01-02 13:30:04
15_S235_42842_p6_2st_S_3656_;86091;2025-01-02 13:30:05
3_S235_42426_p1_2st_GS_3656_;86092;2025-01-02 13:30:05
5_S235_42425_p1_2st__3656_;86093;2025-01-02 13:30:05
5_S235_SL10522785_p1_1st_GS_3656_;86094;2025-01-02 13:30:06
2_DC01_SL10522785_p2_1st_GS_3656_;86095;2025-01-02 13:30:06
3_S235_SL10522785_p3_1st_GS_3656_;86096;2025-01-02 13:30:07
3_S235_SL10522785_p4_1st_GS_3656_;86097;2025-01-02 13:30:07
5_S235_SL10522785_p5_2st_S_3656_;86098;2025-01-02 13:30:08
2_DC01_SL10122309_p1_1st_G_3656_;86099;2025-01-02 13:30:08
3_S355_SL40835202_p1_1st_G_3656_;86100;2025-01-02 13:30:08
3_OC_SL40845204_p1_1st_G_3656_;86101;2025-01-02 13:30:09
3_S235_SL10523094_p2_1st_G_3656_;86102;2025-01-02 13:30:09
3_S235_SL10523094_p1_1st_G_3656_;86103;2025-01-02 13:30:10
4_S235_SL10523109_p1_2st_G_3656_;86104;2025-01-02 13:30:10
4_S235_SL10523111_p2_1st_G_3656_;86105;2025-01-02 13:30:11
4_S235_SL10523111_p1_1st_G_3656_;86106;2025-01-02 13:30:11
4_S235_SL10523113_p2_1st_G_3656_;86107;2025-01-02 13:30:12
4_S235_SL10523113_p1_1st_G_3656_;86108;2025-01-02 13:30:12
4_S235_41597_p1_8st_G_3656_;86109;2025-01-02 13:30:13
5_S235_41476_p1_5st_GS_3656_;86110;2025-01-02 13:30:13
5_S235_41476_p1_5st_GS_3656_1;86111;2025-01-02 13:30:13
6_S355_41641_p1_1st_G_3656_;86112;2025-01-02 13:30:14
4_S235_SL10522789_p1_1st_GS_3656_;86113;2025-01-02 13:30:14
10_S235_SL10522789_p3_1st_S_3656_;86114;2025-01-02 13:30:15
10_S235_SL10522789_p4_1st_S_3656_;86115;2025-01-02 13:30:15
10_S235_SL10522789_p5_2st_S_3656_;86116;2025-01-02 13:30:16
4_S235_SL10522789_p2_1st_GS_3656_;86117;2025-01-02 13:30:16
10_S235_SL10522789_p3_1st_S_3656_1;86118;2025-01-02 13:30:16
10_S235_SL10522789_p4_1st_S_3656_1;86119;2025-01-02 13:30:17
10_S235_SL10522789_p5_2st_S_3656_1;86120;2025-01-02 13:30:17
8_S355_33395_p1_4st_G_3656_;86121;2025-01-02 13:30:18
4_S235_SL6032929_p1_2st_G_3656_;86122;2025-01-02 13:30:18
20_S235_SL10438265_p1_2st_SO_3656_;86123;2025-01-02 13:30:18
4_S235_SL10523146_p1_2st_S_3656_;86124;2025-01-02 13:30:19
8_S235_SL10523039_p4_4st_S_3656_;86125;2025-01-02 13:30:19
5_S235_48349_p1_2st_S_3656_;86126;2025-01-02 13:30:20
8_S235_48349_p1_1st_O_3656_;86127;2025-01-02 13:30:20
5_S235_SL10522785_p1_1st_GS_3656_1;86128;2025-01-02 13:30:20
2_DC01_SL10522785_p2_1st_GS_3656_1;86129;2025-01-02 13:30:21
3_S235_SL10522785_p3_1st_GS_3656_1;86130;2025-01-02 13:30:21
3_S235_SL10522785_p4_1st_GS_3656_1;86131;2025-01-02 13:30:22
5_S235_SL10522785_p5_2st_S_3656_1;86132;2025-01-02 13:30:22
2_DC01_SL10122309_p1_1st_G_3656_1;86133;2025-01-02 13:30:23
3_S355_SL40835202_p1_1st_G_3656_1;86134;2025-01-02 13:30:23
3_OC_SL40845204_p1_1st_G_3656_1;86135;2025-01-02 13:30:24
4_S235_SL10522845_p2_1st_G_3656_;86136;2025-01-02 13:30:24
4_S235_SL10522845_p1_1st_G_3656_;86137;2025-01-02 13:30:24
4_S235_SL10522846_p1_1st_G_3656_;86138;2025-01-02 13:30:25
6_S235_SL10522435_p1_1st_S_3656_;86139;2025-01-02 13:30:25
6_S235_SL10522435_p2_1st_S_3656_;86140;2025-01-02 13:30:26
10_S235_SL40035907_p2_1st_S_3656_;86141;2025-01-02 13:30:26
6_S235_SL10523134_p1_1st_S_3656_;86142;2025-01-02 13:30:27
6_S235_SL10523134_p2_1st_S_3656_;86143;2025-01-02 13:30:27
15_S235_44278_p1_4st__3656_;86144;2025-01-02 13:30:27
6_S235_SL10523454_p2_1st_GS_3656_;86145;2025-01-02 13:30:28
6_S235_SL10523454_p3_1st_S_3656_;86146;2025-01-02 13:30:28
6_S235_SL10523454_p1_1st_GS_3656_;86147;2025-01-02 13:30:29
6_S235_SL10523454_p3_1st_S_3656_1;86148;2025-01-02 13:30:29
4_S235_SL10522870_p2_1st_G_3656_;86149;2025-01-02 13:30:29
4_S235_SL10522870_p1_1st_G_3656_;86150;2025-01-02 13:30:30
4_S235_SL10523153_p1_1st_G_3656_;86151;2025-01-02 13:30:30
6_S235_SL10522435_p1_1st_S_3656_L;86152;2025-01-02 13:30:31
6_S235_SL10522435_p2_1st_S_3656_L;86153;2025-01-02 13:30:31
10_S235_SL40035907_p2_1st_S_3656_1;86154;2025-01-02 13:30:32
6_S235_SL10523134_p1_1st_S_3656_1;86155;2025-01-02 13:30:32
6_S235_SL10523134_p2_1st_S_3656_1;86156;2025-01-02 13:30:32
15_S235_44278_p1_2st__3656_;86157;2025-01-02 13:30:33
6_S235_44105_p1_1st_GS_3656_;86158;2025-01-02 13:30:33
6_S235_44105_p2_1st_GS_3656_;86159;2025-01-02 13:30:34
6_S235_44105_p3_2st_S_3656_;86160;2025-01-02 13:30:34
5_S235_44105_p4_2st_G_3656_;86161;2025-01-02 13:30:34
4_S235_500173_p1_8st_G_3656_1;86162;2025-01-02 13:30:35
8_S235_SL40582147_p1_GS_2szt;86163;2025-01-07 08:42:23
1_DC01_SL10523384_p13_1st__3656_;86164;2025-01-08 10:41:22
1_DC01_SL10523384_p10_1st__3656_;86165;2025-01-08 10:41:22
2_OC_501393(SL024347K)_p1_1st_G_3656_;86166;2025-01-08 10:42:21
2_DC01_SL10523348_p1_4st_G_3656_;86167;2025-01-08 10:42:22
2_DC01_SL10523348_p1_1st_G_3656_;86168;2025-01-08 10:42:23
2_DC01_SL10523384_p9_2st__3656_;86169;2025-01-08 10:42:23
2_DC01_SL10523384_p12_2st__3656_;86170;2025-01-08 10:42:24
2_OC_501393(SL512951K)_p1_1st_G_3656_1;86171;2025-01-08 10:42:24
3_S235_SL40051171_p2_1st_G_3656_;86172;2025-01-08 10:45:35
3_S235_SL40051171_p1_1st_G_3656_;86173;2025-01-08 10:45:36
4_S235_SL40051417_p1_2st_G_3656_;86174;2025-01-08 10:46:35
4_S355_44269_p2_1st_G_3656_;86175;2025-01-08 10:47:18
4_S355_44269_p2_1st_G_3656_1;86176;2025-01-08 10:47:18
4_S355_44269_p1_1st__3656_;86177;2025-01-08 10:47:19
4_S355_44269_p1_1st__3656_1;86178;2025-01-08 10:47:19
5_S235_SL10523384_p3_1st_S_3656_;86179;2025-01-08 10:49:08
5_S235_41501_p1_10st_GS_3656_;86180;2025-01-08 10:49:09
5_S235_SL10523384_p2_1st_S_3656_;86181;2025-01-08 10:49:09
5_S235_SL10523384_p1_1st_GS_3656_;86182;2025-01-08 10:49:10
5_S235_SL10523384_p7_6st_S_3656_;86183;2025-01-08 10:49:10
5_S235_SL10523384_p6_1st_S_3656_;86184;2025-01-08 10:49:11
5_S235_SL10523384_p5_1st_S_3656_;86185;2025-01-08 10:49:11
5_S235_SL10523384_p4_1st_S_3656_;86186;2025-01-08 10:49:12
5_S235_SL10523384_p8_1st__3656_;86187;2025-01-08 10:49:12
5_S235_SL10523384_p11_1st__3656_;86188;2025-01-08 10:49:13
5_S235_SL40049034_p1_1st_GS_3656_;86189;2025-01-08 10:49:13
5_S235_SL40049034_p2_1st_GS_3656_;86190;2025-01-08 10:49:14
5_S235_SL40585403_p1_2st_G_3656_;86191;2025-01-08 10:49:14
5_S235_SL40585403_p1_5st_G_3656_;86192;2025-01-08 10:49:15
6_S235_SL10523293_p9_4st_S_3656_;86193;2025-01-08 10:50:14
6_S235_SL10523293_p8_2st_S_3656_;86194;2025-01-08 10:50:15
6_S235_SL10523293_p6_4st_S_3656_;86195;2025-01-08 10:50:15
6_S235_41615_p1_2st_GS_3656_;86196;2025-01-08 10:50:16
8_S235_SL40049034_p4_2st_S_3656_1;86197;2025-01-08 10:51:14
8_S235_SL40049034_p3_1st_S_3656_;86198;2025-01-08 10:51:15
8_S235_SL40049034_p4_2st_S_3656_;86199;2025-01-08 10:51:15
8_S235_SL40049034_p3_1st_S_3656_1;86200;2025-01-08 10:51:16
10_S235_SL10523293_p7_4st_S_3656_;86201;2025-01-08 10:52:44
10_S235_SL10510980_p5_2st_S_3656_;86202;2025-01-08 10:52:45
10_S235_SL10523388_p1_1st_S_3656_;86203;2025-01-08 10:52:45
10_S235_42369_p1_1st__3656_;86204;2025-01-08 10:52:46
10_S235_SL10510980_p6_2st_S_3656_;86205;2025-01-08 10:52:46
10_S235_SL10523390_p2_1st_SO_3656_;86206;2025-01-08 10:52:47
10_S235_SL10523390_p1_1st_S_3656_;86207;2025-01-08 10:52:47
10_S235_SL10523388_p2_1st_SO_3656_;86208;2025-01-08 10:52:48
12_S235_SL10510980_p8_4st_S_3656_;86209;2025-01-08 10:53:27
15_S235_SL10510980_p7_6st_S_3656_;86210;2025-01-08 10:54:03
2_ocynk_fi95_fi200_2szt;86211;2025-01-09 09:58:42
2_S235_2401_272a-26.00.10A_2st_S_MAP;86212;2025-01-09 10:21:13
2_S235_2401_272a-26.00.11A_1st_S_MAP;86213;2025-01-09 10:21:13
2_S235_2401_272a-26.00.19_1st_GS_MAP;86214;2025-01-09 10:21:14
2_S235_2401_272a-26.00.13A_1st_GS_MAP;86215;2025-01-09 10:21:14
2_S235_2401_271-12.01.01_1st_GS_MAP;86216;2025-01-09 10:21:15
2_S235_2401_272a-26.00.12A_1st_S_MAP;86217;2025-01-09 10:21:15
2_S235_2401_272a-25.01.01_1st_GS_MAP;86218;2025-01-09 10:21:15
2,5_S235_2401_271-17.00.01_3st_G_MAP;86219;2025-01-09 10:22:00
2,5_S235_2401_271-00.00.04A_2st_GS_MAP;86220;2025-01-09 10:22:00
4_S235_2401_271-12.01.03_2st_S_MAP;86221;2025-01-09 10:23:19
4_S235_2401_272a-25.01.04_2st_S_MAP;86222;2025-01-09 10:23:19
4_S235_2401_272a-23.01.08_1st_S_MAP;86223;2025-01-09 10:23:20
4_S235_2401_272a-37.00.07A_4st_S_MAP;86224;2025-01-09 10:23:20
5_S235_2401_271-13.01.02_1st_GS_MAP;86225;2025-01-09 10:24:41
5_S235_2401_271-13.01.01A_2st_GS_MAP;86226;2025-01-09 10:24:42
5_S235_2401_272a-23.01.03_1st_GS_MAP;86227;2025-01-09 10:24:43
5_S235_2401_271-17.00.02_2st_G_MAP;86228;2025-01-09 10:24:43
5_S235_2401_271-12.01.02_1st_GS_MAP;86229;2025-01-09 10:24:44
5_S235_2401_272a-23.01.01A_1st_S_MAP;86230;2025-01-09 10:24:44
5_S235_2401_272a-23.01.06_1st_S_MAP;86231;2025-01-09 10:24:45
5_S235_2401_272a-23.01.02A_1st_GS_MAP;86232;2025-01-09 10:24:45
5_S235_2401_272a-23.01.07_1st_S_MAP;86233;2025-01-09 10:24:46
5_S235_2401_272a-25.01.02_1st_GS_MAP;86234;2025-01-09 10:24:46
6_S235_2401_271-13.01.07_10st_S_MAP;86235;2025-01-09 10:26:14
6_S235_2401_272a-31.00.05_4st_S_MAP;86236;2025-01-09 10:26:15
8_S235_2401_272a-26.00.09A_1st_S_MAP;86237;2025-01-09 10:27:24
8_S235_2401_272a-26.00.08A_2st_S_MAP;86238;2025-01-09 10:27:24
8_S235_2401_272a-00.00.06A_4st_GO_MAP;86239;2025-01-09 10:27:25
8_HB400_2401_272a-23.00.05_1st_O_MAP;86240;2025-01-09 10:28:36
8_HB400_2401_272a-23.00.04A_1st_GO_MAP;86241;2025-01-09 10:28:36
8_HB400_2401_271-13.00.02A_2st_GO_MAP;86242;2025-01-09 10:28:37
8_HB400_2401_272a-00.00.07_1st_GO_MAP;86243;2025-01-09 10:28:37
8_HB400_2401_272a-23.00.03A_1st_GO_MAP;86244;2025-01-09 10:28:38
8_HB400_2401_272a-23.00.01A_1st_O_MAP;86245;2025-01-09 10:28:38
8_HB400_2401_271-13.00.01_1st_GO_MAP;86246;2025-01-09 10:28:39
10_S235_2401_271-16.00.03_4st_S_MAP;86247;2025-01-09 10:34:10
10_S235_2401_271-13.01.04_2st_S_MAP;86248;2025-01-09 10:34:11
10_S235_2401_272a-00.00.08_4st__MAP;86249;2025-01-09 10:34:11
10_S235_2401_272a-24.00.01_10st_GS_MAP;86250;2025-01-09 10:34:12
10_S355_2401_272a-25.00.02_2st__MAP;86251;2025-01-09 10:34:52
10_S355_2401_271-12.00.01_2st__MAP;86252;2025-01-09 10:34:53
12_S235_2401_271-16.00.01_2st_S_MAP;86253;2025-01-09 10:37:04
12_S235_2401_272a-27.00.05_12st_S_MAP;86254;2025-01-09 10:37:05
12_S235_2401_272a-24.01.05_20st_S_MAP;86255;2025-01-09 10:37:06
12_S235_2401_271-13.01.08_4st_S_MAP;86256;2025-01-09 10:37:06
12_S355_2401_272a-25.00.01_4st__MAP;86257;2025-01-09 10:37:49
15_S235_2401_272a-32.00.02_2st_SO_MAP;86258;2025-01-09 10:38:45
15_S235_2401_271-16.00.02_2st_SO_MAP;86259;2025-01-09 10:38:46
15_S235_2401_272a-32.00.01_2st_S_MAP;86260;2025-01-09 10:38:47
20_S235_2401_272a-25.02.01_4st_S_MAP;86261;2025-01-09 10:39:26
50_S355_2401_271-00.00.03_p2_2st_O_MAP;86262;2025-01-09 10:40:15
50_S355_2401_271-00.00.03_p1_2st_O_MAP;86263;2025-01-09 10:40:15
